name,image,subclass,description,hp,hp_backed,hp_cooked,effect_cooked,quality_lvl,potential,duration_bonus_cooked,food_recipe
Acorn,40px-BotW_Acorn_Icon.png?version=5b1bf1f5aa8c068af4e515d9b8966182 (https://dl.airtable.com/RLSayh9XSRmYqqsWrUgv_40px-BotW_Acorn_Icon.png%3Fversion%3D5b1bf1f5aa8c068af4e515d9b8966182),Ingredient,"Often found on the ground near trees. Squirrels adore this nut, so you may have competition while foraging. Add one to a meal for a nutty seasoning.",0.25,0.50,1.00,,,,"First 0:50,0:30","Sautéed Nuts,Roasted Acorn,Nutcake"
Amber,40px-BotW_Amber_Icon.png?version=614817377ae1915b528adb5e826a50c7 (https://dl.airtable.com/AYBFmxdQSWyJLFZLxael_40px-BotW_Amber_Icon.png%3Fversion%3D614817377ae1915b528adb5e826a50c7),Ore,A fossilized resin with a caramelesque sheen to it. It's been valued as a component in decorations and crafting since ancient times.,,,,,,,,
Apple,40px-BotW_Apple_Icon.png?version=379f73557fc88ed5370fe17aaa73ba8f (https://dl.airtable.com/38gZoH3Tg6g0WCubhCVV_40px-BotW_Apple_Icon.png%3Fversion%3D379f73557fc88ed5370fe17aaa73ba8f),Fruit,"A common fruit found on trees all around Hyrule. Eat it fresh, or cook it to increase its effect.",0.50,0.75,1.00,,,,0:30,"Energizing Honeyed Apple,Hot Buttered Apple,Baked Apple,Apple Pie,Fruitcake,Fruit and Mushroom Mix,Simmered Fruit,Copious Simmered Fruit"
Armoranth,40px-BotW_Armoranth_Icon.png?version=631ec0cafe110692871546e320b826b1 (https://dl.airtable.com/p6oIONYSSaVNwlSE6eNn_40px-BotW_Armoranth_Icon.png%3Fversion%3D631ec0cafe110692871546e320b826b1),Plant,"This tough medicinal plant cannot be broken, but it can be cooked. Its durable yet flexible fibers raise your defense when cooked into a dish.",,0.50,,Tough,1,1.00,0:50,Roasted Armoranth
Armored Carp,40px-BotW_Armored_Carp_Icon.png?version=35135a16f8e41331d112e778f8b038b6 (https://dl.airtable.com/qOFeZUILSGSTL5UWeaXw_40px-BotW_Armored_Carp_Icon.png%3Fversion%3D35135a16f8e41331d112e778f8b038b6),Seafood,"Calcium deposits in the scales of this ancient fish make them as hard as armor. Cooking it into a dish will fortify your bones, temporarily increasing your defense.",1.00,1.50,2.00,Tough,2,2.00,0:50,"Frozen Carp,Roasted Carp,Fish Skewer,Fish and Mushroom Skewer,Salt-Grilled Fish,Monster Stew"
Armored Porgy,40px-BotW_Armored_Porgy_Icon.png?version=cc8b787bd80b752f996c5d7dc8df84fa (https://dl.airtable.com/X4C5uoumR72QpeyyaQM4_40px-BotW_Armored_Porgy_Icon.png%3Fversion%3Dcc8b787bd80b752f996c5d7dc8df84fa),Seafood,"This porgy's body is covered in armor-hard scales. The compounds in its scales, when cooked into a dish, fortify your bones and temporarily boost your defense.",1.00,1.50,2.00,Tough,3,3.00,0:50,"Roasted Porgy,Porgy Meunière,Seafood Curry,Seafood Fried Rice,Seafood Paella,Fish Skewer,Salt-Grilled Fish,Monster Stew"
Big Hearty Radish,40px-BotW_Big_Hearty_Radish_Icon.png?version=88e08998032975de4a2673ed5ce73935 (https://dl.airtable.com/baMr52bRHy6FmiYM71UG_40px-BotW_Big_Hearty_Radish_Icon.png%3Fversion%3D88e08998032975de4a2673ed5ce73935),Vegetable,"This hearty radish has grown much larger than the average radish. It's rich in analeptic compounds that, when cooked into a dish, temporarily increase your maximum hearts.",4.00,6.00,30.00,Hearty,5,5.00,,"Roasted Big Radish,Creamy Heart Soup"
Big Hearty Truffle,40px-BotW_Big_Hearty_Truffle_Icon.png?version=0e1a17b7dda22312bbbe9edfb65f9f98 (https://dl.airtable.com/0KlvpmQCWlQRbFC9VkQe_40px-BotW_Big_Hearty_Truffle_Icon.png%3Fversion%3D0e1a17b7dda22312bbbe9edfb65f9f98),Shroom,"Years of going unpicked have allowed this hearty truffle to grow quite large. It's chock-full of nutrients. When cooked into a dish, it temporarily increases your maximum hearts.",3.00,4.50,30.00,Hearty,4,4.00,,"Toasted Big Hearty Truffle,Mushroom Skewer,Mushroom Rice Balls,Copious Mushrooms Skewers,Salt-Grilled Mushrooms,Glazed Mushrooms,Meat & Mushroom Skewer,Mushroom Omelet,Mushroom Risotto,Fragrant Mushroom Sauté,Fish and Mushroom Skewer"
Bird Egg,40px-BotW_Bird_Egg_Icon.png?version=96c3f6201538a8a61d35743f1b6a84c2 (https://dl.airtable.com/hbRtdQVfQgSuRQqAz8FC_40px-BotW_Bird_Egg_Icon.png%3Fversion%3D96c3f6201538a8a61d35743f1b6a84c2),Ingredient,"A fresh bird egg necessary for making dishes such as omelets and crepes. You can snag them from birds' nests if you're sneaky. Nutritious and delicious, perfect.",1.00,1.50,2.00,,,,0:30,"Omelet,Hard-Boiled Egg,Campfire Egg,Crab Omelet with Rice,Curry Pilaf,Egg Pudding,Egg Tart,Fried Egg and Rice,Gourmet Poultry Pilaf,Honey Crepe,Plain Crepe,Poultry Pilaf,Prime Poultry Pilaf,Vegetable Omelet,Wildberry Crepe,Mushroom Omelet"
Bladed Rhino Beetle,40px-BotW_Bladed_Rhino_Beetle_Icon.png?version=50defd689524e0e3ff493593ff0369d5 (https://dl.airtable.com/oqEOK3uqQiqdQ6fgdphX_40px-BotW_Bladed_Rhino_Beetle_Icon.png%3Fversion%3D50defd689524e0e3ff493593ff0369d5),Critter,This beetle's razor-sharp horns demand that you handle it with care. Boil the horns alongside monster parts to concoct an elixir that will raise your attack power.,,,,Mighty,1,1.00,0:50,"Mighty Elixir,Dubious Food"
Blue Nightshade,40px-BotW_Blue_Nightshade_Icon.png?version=b94a8aee0036847ccf7536a8f8b57cbc (https://dl.airtable.com/mcXuCO7TTKiJdqnCqc1H_40px-BotW_Blue_Nightshade_Icon.png%3Fversion%3Db94a8aee0036847ccf7536a8f8b57cbc),Plant,"A plant that grows in quieter areas of Hyrule. At night, it gives off a soft glow. Cook with it to increase your stealth.",,,,Sneaky,1,1.00,2:00,
Bright-Eyed Crab,40px-BotW_Bright-Eyed_Crab_Icon.png?version=0952264e91e7b2d5a0fcf4a0d780a8dd (https://dl.airtable.com/fZz1BLpQhusZR3xyV5gL_40px-BotW_Bright-Eyed_Crab_Icon.png%3Fversion%3D0952264e91e7b2d5a0fcf4a0d780a8dd),Seafood,"This crab appears in large numbers when it rains. On bite of its delectable meat, and you'll forget all your exhaustion. Replenishes your stamina when cooked into a dish.",1.00,1.50,2.00,Energizing,2,3.00,,"Frozen Crab,Crab Omelet with Rice,Crab Risotto,Crab Stir-Fry,Blackened Crab,Salt-Grilled Crab,Seafood Skewer,Monster Stew"
Cane Sugar,40px-BotW_Cane_Sugar_Icon.png?version=ae9bfa4deaa1d0f25c55561f7a974e55 (https://dl.airtable.com/c8o1UOoSuWhxe8a0Sc99_40px-BotW_Cane_Sugar_Icon.png%3Fversion%3Dae9bfa4deaa1d0f25c55561f7a974e55),Ingredient,"When boiled with other ingredients, the cane breaks down into a sweet juice necessary for making cakes and other sweets. It's commonly found in ingredients stores.",,,,,,,"First 1:20,0:30","Apple Pie,Carrot Cake,Egg Pudding,Egg Tart,Fried Bananas,Fruit Pie,Fruitcake,Honey Crepe,Monster Cake,Nutcake,Plain Crepe,Pumpkin Pie,Wildberry Crepe"
Chickaloo Tree Nut,40px-BotW_Chickaloo_Tree_Nut_Icon.png?version=d387b82d95029d01535e6f1599c31d78 (https://dl.airtable.com/v0wmRLTMSf2IOw0dk6to_40px-BotW_Chickaloo_Tree_Nut_Icon.png%3Fversion%3Dd387b82d95029d01535e6f1599c31d78),Ingredient,"Small birds love this nut. You can eat it raw for a minor effect, but it can also be added as a spice to other recipes.",0.25,0.50,1.00,,,,"First 0:40,0:30","Roasted Tree Nut,Sautéed Nuts,Nutcake"
Chillfin Trout,40px-BotW_Chillfin_Trout_Icon.png?version=ced3ea1844bdcb8457a634db8580447b (https://dl.airtable.com/9E771p8S1uPn2Ij3bWBQ_40px-BotW_Chillfin_Trout_Icon.png%3Fversion%3Dced3ea1844bdcb8457a634db8580447b),Seafood,"This blue trout prefers cold bodies of water. Its skin contains enzymes that keep its body cool, and when cooked into a dish, it will temporarily boost your heat resistance.",1.00,1.50,2.00,Chilly,3,3.00,2:30,"Frozen Trout,Roasted Trout,Fish Skewer,Fish and Mushroom Skewer,Salt-Grilled Fish,Monster Stew"
Chillshroom,40px-BotW_Chillshroom_Icon.png?version=6f2eb80c1414dcab67c47feb42a9bd6c (https://dl.airtable.com/Wv3GN7wQ2mSFRTUwdQ8B_40px-BotW_Chillshroom_Icon.png%3Fversion%3D6f2eb80c1414dcab67c47feb42a9bd6c),Shroom,"Often found at the base of pine trees in cold climates, these mushrooms are cool to the touch and can be used to cook dishes that allow you to stay cool even in arid regions.",0.50,0.75,1.00,Chilly,2,2.00,2:30,"Toasty Chillshroom,Mushroom Skewer,Mushroom Rice Balls,Copious Mushrooms Skewers,Salt-Grilled Mushrooms,Glazed Mushrooms,Meat & Mushroom Skewer,Mushroom Omelet,Mushroom Risotto,Fragrant Mushroom Sauté,Fish and Mushroom Skewer"
Cold Darner,40px-BotW_Cold_Darner_Icon.png?version=f170a356b48a22fa39d18c96fa266d92 (https://dl.airtable.com/kJeQTu8GTXuoGzZMWEub_40px-BotW_Cold_Darner_Icon.png%3Fversion%3Df170a356b48a22fa39d18c96fa266d92),Critter,"This dragonfly prefers the cool shade of trees to the warmth of the sun. Its wings disperse heat from its body, which can be cooked into a heat-resistant elixir.",,,,Chilly,2,2.00,2:30,"Chilly Elixir,Dubious Food"
Cool Safflina,40px-BotW_Cool_Safflina_Icon.png?version=afcf900cc5bb3f085dbd64fbcd68faf3 (https://dl.airtable.com/meoOMgNSCprArbwF42kA_40px-BotW_Cool_Safflina_Icon.png%3Fversion%3Dafcf900cc5bb3f085dbd64fbcd68faf3),Plant,"This medicinal plant grows in high elevations, such as mountains in the Hebra or Gerudo regions. When cooked into a dish, it will temporarily increase your heat resistance.",,,,Chilly,1,1.00,2:30,
Courser Bee Honey,40px-BotW_Courser_Bee_Honey_Icon.png?version=3f3f6fb8b875bdcf3a7023a4fe506696 (https://dl.airtable.com/nHJTvdCdRE6sJ890o1QL_40px-BotW_Courser_Bee_Honey_Icon.png%3Fversion%3D3f3f6fb8b875bdcf3a7023a4fe506696),Ingredient,Honey straight from the hive is chock-full of nutrients. Cooking this into a meal unlocks the potential of these nutrients and provides a stamina-recovery effect.,2.00,,4.00,Energizing,2,3.00,,"Energizing Glazed Meat,Energizing Honey Candy,Glazed Seafood,Honeyed Fruits,Energizing Honeyed Apple,Glazed Veggies,Honey Crepe,Glazed Mushrooms"
Diamond,40px-BotW_Diamond_Icon.png?version=851936d8b7aea7154898e384ce0b4ec2 (https://dl.airtable.com/vrhVsVRCqo6fKd0V5rsA_40px-BotW_Diamond_Icon.png%3Fversion%3D851936d8b7aea7154898e384ce0b4ec2),Ore,"The most precious gem one can find in Hyrule, its signature sparkle has charmed Hyruleans for generations. As such, it has sold for a very high price since ancient times.",,,,,,,,
Dinraal's Claw,40px-BotW_Dinraal%27s_Claw_Icon.png?version=f1cf4151045a68a6cca1bc475b8882e1 (https://dl.airtable.com/888yp8hkQfG8fc1i1ZoF_40px-BotW_Dinraal%2527s_Claw_Icon.png%3Fversion%3Df1cf4151045a68a6cca1bc475b8882e1),Monster Part,"This valuable claw was plucked from the red spirit Dinraal. It was extremely hot before it was removed. You could sell it to a store, but it must have some other use.",,,2.00,Bonus,2,,3:30,
Electric Darner,40px-BotW_Electric_Darner_Icon.png?version=a1c7f8923358d14cf063563a9aa048fa (https://dl.airtable.com/zlUgSZDQoyLvmmQyR9zi_40px-BotW_Electric_Darner_Icon.png%3Fversion%3Da1c7f8923358d14cf063563a9aa048fa),Critter,This rare dragonfly only appears in the rain. Its wings direct electricity away from its body. Cook it with monster parts for an electricity-resistant elixir.,,,,Electro,2,2.00,2:30,"Electro Elixir,Dubious Food"
Electric Safflina,40px-BotW_Electric_Safflina_Icon.png?version=93d8cd3d1ca6634f13d2e9e9d648c60b (https://dl.airtable.com/BE9qiRorT9EjMKsaTayk_40px-BotW_Electric_Safflina_Icon.png%3Fversion%3D93d8cd3d1ca6634f13d2e9e9d648c60b),Plant,"This medicinal plant grows abundantly in the Gerudo Desert. Its peculiar fibers conduct electricity, which will increase your electricity resistance when cooked into a dish.",,,,Electro,1,1.00,2:30,
Energetic Rhino Beetle,40px-BotW_Energetic_Rhino_Beetle_Icon.png?version=44c9b42747f089db9037400793af9fd0 (https://dl.airtable.com/4GUTmgrZT7WaYSInwqYw_40px-BotW_Energetic_Rhino_Beetle_Icon.png%3Fversion%3D44c9b42747f089db9037400793af9fd0),Critter,"This valuable beetle can live up to ten years. When cooked with monster parts, its impressive vitality translates into an elixir that will greatly restore your stamina.",,,,Energizing,4,8.00,,"Energizing Elixir,Dubious Food"
Endura Carrot,40px-BotW_Endura_Carrot_Icon.png?version=3c19c5d13adeee500e227166989571e0 (https://dl.airtable.com/mzhaJRiNRgSuKfPtn9JA_40px-BotW_Endura_Carrot_Icon.png%3Fversion%3D3c19c5d13adeee500e227166989571e0),Vegetable,"Highly valued as a medicinal plant, this carrot contains large amounts of nourishing energy. When cooked into a dish, it boosts your stamina beyond its maximum limit.",2.00,3.00,4.00,Enduring,3,3.00,,"Roasted Endura Carrot,Carrot Cake,Carrot Stew,Vegetable Curry,Vegetable Risotto,Veggie Cream Soup"
Endura Shroom,40px-BotW_Endura_Shroom_Icon.png?version=3cae62c9ad0e2280e2c53e3479e2b59b (https://dl.airtable.com/EHCFTs4jTRm5DN2liMbP_40px-BotW_Endura_Shroom_Icon.png%3Fversion%3D3cae62c9ad0e2280e2c53e3479e2b59b),Shroom,A rare yellowish-orange mushroom. Cook it before eating to temporarily increase your stamina limit.,1.00,1.50,2.00,Enduring,1,0.50,,"Toasty Endura Shroom,Mushroom Skewer,Mushroom Rice Balls,Copious Mushrooms Skewers,Salt-Grilled Mushrooms,Glazed Mushrooms,Meat & Mushroom Skewer,Mushroom Omelet,Mushroom Risotto,Fragrant Mushroom Sauté,Fish and Mushroom Skewer"
Fairy,40px-BotW_Fairy_Icon.png?version=bdec6fb4d1817a550f159bc916492e9b (https://dl.airtable.com/5tjq8uIKSPCOkaEt3rQI_40px-BotW_Fairy_Icon.png%3Fversion%3Dbdec6fb4d1817a550f159bc916492e9b),Ingredient,"This fairy will fly from your pouch and heal all your wounds the moment you lose your last heart. It's easily mistaken for a firefly at first, but it glows in the daylight as well as night.",5.00,,10.00,,,,0:30,Fairy Tonic
Farosh's Claw,40px-BotW_Farosh%27s_Claw_Icon.png?version=8c072d432f0fc131d1c4f78e967af366 (https://dl.airtable.com/PmyCiTVxQYyg2VwxRlRC_40px-BotW_Farosh%2527s_Claw_Icon.png%3Fversion%3D8c072d432f0fc131d1c4f78e967af366),Monster Part,"This claw was plucked from the golden spirit Farosh. Its electricity was expelled before it was removed, so it's safe to handle. A store will buy it, but it must have some other use.",,,2.00,Bonus,2,,3:30,
Fireproof Lizard,40px-BotW_Fireproof_Lizard_Icon.png?version=5eb7f91cf159723e628b435f6c57a14a (https://dl.airtable.com/b3L2OthRSgeRtITrHdI9_40px-BotW_Fireproof_Lizard_Icon.png%3Fversion%3D5eb7f91cf159723e628b435f6c57a14a),Critter,"This rare lizard can only be found in the Eldin region. Its scales have heat-resistant properties, so when cooked with monster parts, it produces a heat-resistant elixir.",,,,Fireproof,1,1.00,2:30,"Fireproof Elixir,Dubious Food"
Fleet-Lotus Seeds,40px-BotW_Fleet-Lotus_Seeds_Icon.png?version=b1ac26e16f0e3b373e96c793fa13b6f2 (https://dl.airtable.com/91G6o1xQ8CRfr0D6vb8R_40px-BotW_Fleet-Lotus_Seeds_Icon.png%3Fversion%3Db1ac26e16f0e3b373e96c793fa13b6f2),Fruit,"The plant that bears these seeds grows near deep water. The roots draw nutrients from the water, which boosts your movement speed when the seeds are cooked into a dish.",0.50,0.75,1.00,Hasty,2,2.00,1:00,"Roasted Lotus Seeds,Fruit and Mushroom Mix,Simmered Fruit,Fruit Pie,Fruitcake,Honeyed Fruits,Copious Simmered Fruit"
Flint,40px-BotW_Flint_Icon.png?version=3e1ab2f0100136fe13eec6b16af793b6 (https://dl.airtable.com/6IYga7pSOaoc3joi3Icv_40px-BotW_Flint_Icon.png%3Fversion%3D3e1ab2f0100136fe13eec6b16af793b6),Ore,"Strike it with a metallic weapon to generate a spark. The portable fire starter breaks after one use, but it can create a long-lasting flame if you use it near firewood.",,,,,,,,
Fortified Pumpkin,40px-BotW_Fortified_Pumpkin_Icon.png?version=41cfc6b4cd9f8049449e460707953e33 (https://dl.airtable.com/944uJjiBQCOeFQwcorZ3_40px-BotW_Fortified_Pumpkin_Icon.png%3Fversion%3D41cfc6b4cd9f8049449e460707953e33),Vegetable,"An extremely tough pumpkin raised in village fields. When cooked, that toughness manifests itself by considerably upping defense.",0.50,0.75,1.00,Tough,2,2.00,0:50,"Pumpkin Pie,Pumpkin Stew,Tough Meat-Stuffed Pumpkin,Baked Fortified Pumpkin,Vegetable Curry,Vegetable Risotto,Veggie Cream Soup"
Fresh Milk,40px-BotW_Fresh_Milk_Icon.png?version=8c53a5bb141f1a6bacd8b0b5fb2202b4 (https://dl.airtable.com/A2JiaQbqRmyRAhwg90Wf_40px-BotW_Fresh_Milk_Icon.png%3Fversion%3D8c53a5bb141f1a6bacd8b0b5fb2202b4),Ingredient,This fresh milk comes from Hateno cows and white goats kept in the village. It's delicious on its own but can also be used as an ingredient in soups and stews.,0.50,,1.00,,,,0:30,"Egg Pudding,Hearty Clam Chowder,Honey Crepe,Plain Crepe,Warm Milk,Carrot Stew,Cream of Mushroom Soup,Cream of Vegetable Soup,Creamy Heart Soup,Creamy Meat Soup,Creamy Seafood Soup,Gourmet Meat Stew,Monster Soup,Prime Meat Stew,Pumpkin Stew,Veggie Cream Soup,Wildberry Crepe"
Giant Ancient Core,40px-BotW_Giant_Ancient_Core_Icon.png?version=1d0231bb704c2966025bc4a67d9e3e91 (https://dl.airtable.com/rkhNGmhRReyxzAHXv9mz_40px-BotW_Giant_Ancient_Core_Icon.png%3Fversion%3D1d0231bb704c2966025bc4a67d9e3e91),Monster Part,A giant energy crystal made using lost ancient technology. Cores this large are an extremely rare find. A researcher would probably know how to use this.,,,,,3,,3:10,
Goat Butter,40px-BotW_Goat_Butter_Icon.png?version=e9991fc834be89c8bb0f500d07725e62 (https://dl.airtable.com/oyG4Cm8PT5qmfMaAj44a_40px-BotW_Goat_Butter_Icon.png%3Fversion%3De9991fc834be89c8bb0f500d07725e62),Ingredient,Butter made from the milk of a domesticated white goat. In addition to being used in dishes like stews and meunière. It's often used when making cakes and other sweets.,,,,,,,"First 1:20,0:30","Apple Pie,Carrot Cake,Carrot Stew,Crab Risotto,Curry Pilaf,Egg Tart,Fish Pie,Fruit Pie,Gourmet Meat Stew,Gourmet Poultry Pilaf,Hearty Clam Chowder,Hearty Salmon Muenière,Hot Buttered Apple,Meat Pie,Monster Cake,Monster Soup,Nutcake,Plain Crepe,Porgy Meunière,Poultry Pilaf,Prime Meat Stew,Prime Poultry Pilaf,Pumpkin Pie,Pumpkin Stew,Salmon Risotto,Seafood Meunière,Vegetable Omelet,Vegetable Risotto,Mushroom Omelet,Mushroom Risotto"
Goron Spice,40px-BotW_Goron_Spice_Icon.png?version=b8b1f2d247bb82bc86ea24aaf37cf30c (https://dl.airtable.com/ai3A7ObpTumfhf7gW8h1_40px-BotW_Goron_Spice_Icon.png%3Fversion%3Db8b1f2d247bb82bc86ea24aaf37cf30c),Ingredient,"Made from several types of spices, this secret Goron seasoning has been handed down for generations. An initial wave of spiciness paves the way for the sweetness.",,,,,,,0:30,"Crab Stir-Fry,Seafood Curry,Spiced Meat Skewer,Curry Pilaf,Curry Rice,Gourmet Meat Curry,Gourmet Poultry Curry,Gourmet Spiced Meat Skewer,Herb Sauté,Meat Curry,Monster Curry,Poultry Curry,Prime Meat Curry,Prime Poultry Curry,Prime Spiced Meat Skewer,Vegetable Curry,Fragrant Mushroom Sauté"
Hearty Bass,40px-BotW_Hearty_Bass_Icon.png?version=4aa4a39a9faad676ef20af62797da102 (https://dl.airtable.com/BVJGIcDATiIECOOyaIJP_40px-BotW_Hearty_Bass_Icon.png%3Fversion%3D4aa4a39a9faad676ef20af62797da102),Seafood,"This large fish lives near the shoreline. Its sizable body can restore a lot of nutrient. When cooked into a dish, it will temporarily increase your maximum hearts.",2.00,3.00,30.00,Hearty,2,2.00,,"Roasted Hearty Bass,Frozen Hearty Bass,Fish Skewer,Fish and Mushroom Skewer,Salt-Grilled Fish,Monster Stew"
Hearty Blueshell Snail,40px-BotW_Hearty_Blueshell_Snail_Icon.png?version=d8405d8d563b8b7e4130ad7c56e03be8 (https://dl.airtable.com/jDF8azlGSqa8o9Hl0xhR_40px-BotW_Hearty_Blueshell_Snail_Icon.png%3Fversion%3Dd8405d8d563b8b7e4130ad7c56e03be8),Seafood,"This snail lives on sandy beaches in large numbers. Its flesh contains a high amount of stimulants, so when cooked into a dish, it temporarily increases your maximum hearts.",3.00,4.50,30.00,Hearty,3,3.00,,"Icy Hearty Blueshell Snail,Seafood Paella,Blueshell Escargot,Hearty Clam Chowder,Seafood Curry,Seafood Fried Rice,Salt-Grilled Fish,Seafood Skewer,Monster Stew"
Hearty Durian,40px-BotW_Hearty_Durian_Icon.png?version=d91b25d4e21bccaac6381b2215b60ef5 (https://dl.airtable.com/umYuNgwATtORGb8WoqbV_40px-BotW_Hearty_Durian_Icon.png%3Fversion%3Dd91b25d4e21bccaac6381b2215b60ef5),Fruit,"This fruit's odor earned it the nickname ""king of fruits"". It offers immense restorative power; dishes cooked with it will temporarily increase your maximum hearts.",3.00,4.50,30.00,Hearty,4,4.00,,"Roasted Hearty Durian,Fruit and Mushroom Mix,Simmered Fruit,Fruit Pie,Fruitcake,Honeyed Fruits,Copious Simmered Fruit"
Hearty Lizard,40px-BotW_Hearty_Lizard_Icon.png?version=662fed3e92ea16a131219eda5243630c (https://dl.airtable.com/DyVTEQeITOOTODG8Btni_40px-BotW_Hearty_Lizard_Icon.png%3Fversion%3D662fed3e92ea16a131219eda5243630c),Critter,"This rare lizard lives deep in the forests. It feeds on high-nutrient foods, giving it great vitality. When used to make elixirs, they temporarily increase your maximum hearts.",,,,Hearty,4,4.00,,"Hearty Elixir,Dubious Food"
Hearty Radish,40px-BotW_Hearty_Radish_Icon.png?version=0f15f1bb26842e2f741df01405084fed (https://dl.airtable.com/7nX17sprS0eB8JPp7Tka_40px-BotW_Hearty_Radish_Icon.png%3Fversion%3D0f15f1bb26842e2f741df01405084fed),Vegetable,A rare radish that grows best in sunny plains. Cook it before eating to temporarily increase your maximum hearts.,2.00,3.75,30.00,Hearty,3,3.00,,"Roasted Radish,Creamy Heart Soup"
Hearty Salmon,40px-BotW_Hearty_Salmon_Icon.png?version=e17c03f1bf9acd96e174721f9e61b2b4 (https://dl.airtable.com/ZHMhyRfLQ4eR6VbSc54h_40px-BotW_Hearty_Salmon_Icon.png%3Fversion%3De17c03f1bf9acd96e174721f9e61b2b4),Seafood,"This fish makes its home in cold water, giving it extra layers of fat. It temporarily increases your maximum hearts when used in cooking.",4.00,6.00,30.00,Hearty,4,4.00,,"Salmon Risotto,Hearty Salmon Muenière,Roasted Hearty Salmon,Frozen Hearty Salmon,Fish Skewer,Fish and Mushroom Skewer,Salt-Grilled Fish,Monster Stew"
Hearty Truffle,40px-BotW_Hearty_Truffle_Icon.png?version=408df381ce420b44411c9efc9aef2e9e (https://dl.airtable.com/KqyXvw0uSVAHig8uIYCO_40px-BotW_Hearty_Truffle_Icon.png%3Fversion%3D408df381ce420b44411c9efc9aef2e9e),Shroom,This rare mushroom has a rich scent. Cook it before eating to temporarily increase your maximum hearts.,2.00,3.00,30.00,Hearty,1,1.00,,"Toasted Hearty Truffle,Mushroom Skewer,Mushroom Rice Balls,Copious Mushrooms Skewers,Salt-Grilled Mushrooms,Glazed Mushrooms,Meat & Mushroom Skewer,Mushroom Omelet,Mushroom Risotto,Fragrant Mushroom Sauté,Fish and Mushroom Skewer"
Hightail Lizard,40px-BotW_Hightail_Lizard_Icon.png?version=2a06f8dcfce45ddd8753e2cc0173c4e9 (https://dl.airtable.com/9OGc2qLrRdeZnuiEjVnL_40px-BotW_Hightail_Lizard_Icon.png%3Fversion%3D2a06f8dcfce45ddd8753e2cc0173c4e9),Critter,"A lizard found throughout Hyrule. It's a bit slow to react at times, but if given a chance to escape, it will dart off quickly. Cook it with monster parts for a speed-boosting elixir.",,,,Hasty,1,1.00,1:00,"Hasty Elixir,Dubious Food"
Hot-Footed Frog,40px-BotW_Hot-Footed_Frog_Icon.png?version=65b2d8841f277864ba1ae84423663c75 (https://dl.airtable.com/OIqWq11xSxR0x4lKwYUK_40px-BotW_Hot-Footed_Frog_Icon.png%3Fversion%3D65b2d8841f277864ba1ae84423663c75),Critter,A quick frog that can be found hopping around near water. Cook it with monster parts to draw out its speed-boost effect.,,,,Hasty,2,2.00,1:00,"Hasty Elixir,Dubious Food"
Hydromelon,40px-BotW_Hydromelon_Icon.png?version=f978ce1fa3d5847835e9b8b8d2adbd03 (https://dl.airtable.com/HRH1AKWFRX2abMM2VupY_40px-BotW_Hydromelon_Icon.png%3Fversion%3Df978ce1fa3d5847835e9b8b8d2adbd03),Fruit,"This resilient fruit can flourish even in the heat of the desert. The hydrating liquid inside provides a cooling effect that, when cooked, increases your heat resistance.",0.50,0.75,1.00,Chilly,1,1.00,2:30,"Creamy Heart Soup,Roasted Hydromelon,Fruit and Mushroom Mix,Simmered Fruit,Fruit Pie,Fruitcake,Honeyed Fruits,Copious Simmered Fruit"
Hylian Rice,40px-BotW_Hylian_Rice_Icon.png?version=67ff35ff78c2256e7bf73dc7e3f92c7c (https://dl.airtable.com/xilfDYIyTlq7VdCr4l4i_40px-BotW_Hylian_Rice_Icon.png%3Fversion%3D67ff35ff78c2256e7bf73dc7e3f92c7c),Ingredient,This grain is a favorite among residents of Kakariko Village. It's grown in regions with a lot of water and is quite versatile. Used as an ingredient in things like risotto and rice balls.,1.00,,2.00,,,,"First 1:00,0:30","Crab Omelet with Rice,Crab Risotto,Curry Pilaf,Curry Rice,Fried Egg and Rice,Meat and Rice Bowl,Monster Curry,Monster Rice Balls,Seafood Fried Rice,Seafood Rice Balls,Gourmet Meat and Rice Bowl,Gourmet Meat Curry,Gourmet Poultry Curry,Gourmet Poultry Pilaf,Meat Curry,Meaty Rice Balls,Poultry Curry,Poultry Pilaf,Prime Meat and Rice Bowl,Prime Meat Curry,Prime Poultry Curry,Prime Poultry Pilaf,Salmon Risotto,Seafood Curry,Seafood Paella,Vegetable Curry,Vegetable Risotto,Veggie Rice Balls,Mushroom Rice Balls,Mushroom Risotto"
Hylian Shroom,40px-BotW_Hylian_Shroom_Icon.png?version=b145ea271a1ec9d7b6c4cecbc127fe68 (https://dl.airtable.com/I2fdKTqsSOWTm4nrS8no_40px-BotW_Hylian_Shroom_Icon.png%3Fversion%3Db145ea271a1ec9d7b6c4cecbc127fe68),Shroom,A common mushroom found near trees around Hyrule. Eat it to restore half a heart.,0.50,1.50,1.00,,,,0:30,"Toasty Hylian Shroom,Mushroom Skewer,Mushroom Rice Balls,Copious Mushrooms Skewers,Salt-Grilled Mushrooms,Glazed Mushrooms,Meat & Mushroom Skewer,Mushroom Omelet,Mushroom Risotto,Fragrant Mushroom Sauté,Fish and Mushroom Skewer"
Hyrule Bass,40px-BotW_Hyrule_Bass_Icon.png?version=6d153d631e20b31009495cd88f5582b5 (https://dl.airtable.com/w0ncsEZhTBallXFDMm8E_40px-BotW_Hyrule_Bass_Icon.png%3Fversion%3D6d153d631e20b31009495cd88f5582b5),Seafood,"An ordinary fish that can be found all over Hyrule. Can be eaten raw, but cooking it amplifies its healing benefits.",1.00,1.50,2.00,,,,0:30,"Roasted Bass,Frozen Bass,Fish Skewer,Fish and Mushroom Skewer,Salt-Grilled Fish,Monster Stew"
Hyrule Herb,40px-BotW_Hyrule_Herb_Icon.png?version=74879d91be4b07a1941bd3c9403aaa0d (https://dl.airtable.com/2CxV1OVAS9mqwIPb5rfY_40px-BotW_Hyrule_Herb_Icon.png%3Fversion%3D74879d91be4b07a1941bd3c9403aaa0d),Plant,This healthy herb grows abundantly in the plains of Hyrule. Cook it before eating to increase the number of hearts it restores.,1.00,,2.00,,,,0:30,
Ice Keese Wing,40px-BotW_Ice_Keese_Wing_Icon.png?version=e5087b55cba9f7a15f3b75ce6fb2bf67 (https://dl.airtable.com/NH91crooQaKg0CTDpeXU_40px-BotW_Ice_Keese_Wing_Icon.png%3Fversion%3De5087b55cba9f7a15f3b75ce6fb2bf67),Monster Part,"A rare Ice Keese wing. Its frozen surface gleams attractively, but its usefulness isn't readily apparent.",,,,,2,,1:50,
Ironshell Crab,40px-BotW_Ironshell_Crab_Icon.png?version=69394de000644b2812146bc61c0fdcaf (https://dl.airtable.com/PuZpoldbQImIBXu9axzd_40px-BotW_Ironshell_Crab_Icon.png%3Fversion%3D69394de000644b2812146bc61c0fdcaf),Seafood,"This crab's shell is particularly hard. When cooked into a dish, its fat and meat bolster the body to increase your defense.",1.00,1.50,2.00,Tough,2,2.00,0:50,"Frozen Crab,Crab Omelet with Rice,Crab Risotto,Crab Stir-Fry,Blackened Crab,Salt-Grilled Crab,Seafood Skewer,Monster Stew"
Ironshroom,40px-BotW_Ironshroom_Icon.png?version=801508b2a09a990034b25413ec38e21e (https://dl.airtable.com/pRsjag1ySuOIqkVLv9JS_40px-BotW_Ironshroom_Icon.png%3Fversion%3D801508b2a09a990034b25413ec38e21e),Shroom,The cap of this mushroom is very hard. Use it when cooking to prepare a dish that increases your defense.,0.50,0.75,1.00,Tough,2,2.00,0:50,"Toasty Ironshroom,Mushroom Skewer,Mushroom Rice Balls,Copious Mushrooms Skewers,Salt-Grilled Mushrooms,Glazed Mushrooms,Meat & Mushroom Skewer,Mushroom Omelet,Mushroom Risotto,Fragrant Mushroom Sauté,Fish and Mushroom Skewer"
Luminous Stone,40px-BotW_Luminous_Stone_Icon.png?version=e8208ff9cdc71c828ba9e502a3185b75 (https://dl.airtable.com/O9EFTt0QYGsUwmgFyl5g_40px-BotW_Luminous_Stone_Icon.png%3Fversion%3De8208ff9cdc71c828ba9e502a3185b75),Ore,"This mysterious mineral gives off a pale blue glow in the dark, which some believe to be souls of the undead. Apparently, this stone can be used as a base to make special clothing.",,,,,,,,
Mighty Bananas,40px-BotW_Mighty_Bananas_Icon.png?version=0fd5ad8747af865d7e25b4cbe23ad6cf (https://dl.airtable.com/HO6sdITQipLtvo9Kt1NA_40px-BotW_Mighty_Bananas_Icon.png%3Fversion%3D0fd5ad8747af865d7e25b4cbe23ad6cf),Fruit,"This fruit grows mainly in tropical forests of the Faron region. When it's used as an ingredient, the resulting dish will temporarily increase your attack power.",0.50,0.75,1.00,Mighty,2,2.00,0:50,"Fried Bananas,Roasted Mighty Bananas,Fruit and Mushroom Mix,Simmered Fruit,Fruit Pie,Fruitcake,Honeyed Fruits,Copious Simmered Fruit"
Mighty Carp,40px-BotW_Mighty_Carp_Icon.png?version=1d98e8fc2aeba6cffc6e39c768728aba (https://dl.airtable.com/3zhMI7CATUKJ5NwmCawy_40px-BotW_Mighty_Carp_Icon.png%3Fversion%3D1d98e8fc2aeba6cffc6e39c768728aba),Seafood,This freshwater fish lives alongside its less mighty carp ilk. A compound in its liver promotes muscle growth. Dishes cooked with it will temporarily increase your attack power.,1.00,1.50,2.00,Mighty,2,2.00,0:50,"Roasted Carp,Fish Skewer,Fish and Mushroom Skewer,Salt-Grilled Fish,Monster Stew"
Mighty Porgy,40px-BotW_Mighty_Porgy_Icon.png?version=fd7af04d7d3a1637637865f06ef5d5b4 (https://dl.airtable.com/pbU3eZu6SKSjT2YadUmE_40px-BotW_Mighty_Porgy_Icon.png%3Fversion%3Dfd7af04d7d3a1637637865f06ef5d5b4),Seafood,"This ocean-dwelling fish comes with one rude attitude. The compounds in its flesh elevate your competitive spirit when it's cooked into a dish, thus increasing your attack power.",1.00,1.50,2.00,Mighty,3,3.00,0:50,"Roasted Porgy,Porgy Meunière,Seafood Curry,Seafood Fried Rice,Seafood Paella,Salt-Grilled Fish,Monster Stew"
Mighty Thistle,40px-BotW_Mighty_Thistle_Icon.png?version=14aee83fbb68c0944bbf16f9f6c5915e (https://dl.airtable.com/bu8FnZ88RPCPU377kzEq_40px-BotW_Mighty_Thistle_Icon.png%3Fversion%3D14aee83fbb68c0944bbf16f9f6c5915e),Plant,This medicinal plant is known for its sharp thorns and for the fruit it bears. The fruit contains a compound that increases attack power when cooked into a dish.,,0.50,,Mighty,1,1.00,0:50,Roasted Mighty Thistle
Molduga Guts,40px-BotW_Molduga_Guts_Icon.png?version=ef3f03d700a3cc557e2d3a7234c70023 (https://dl.airtable.com/dvMpVriNSDeAIbUxIS0W_40px-BotW_Molduga_Guts_Icon.png%3Fversion%3Def3f03d700a3cc557e2d3a7234c70023),Monster Part,"A giant organ obtained from a Molduga. This invaluable ingredient is hard to come by, and its use is shrouded in mystery.",,,,,3,,3:10,
Monster Extract,40px-BotW_Monster_Extract_Icon.png?version=02dc1eea88f9876b8ae3ab9fd0576e01 (https://dl.airtable.com/eIuPytwSriIfCIZrsqyR_40px-BotW_Monster_Extract_Icon.png%3Fversion%3D02dc1eea88f9876b8ae3ab9fd0576e01),Ingredient,"A result of Kilton's research into monsters, this suspicious spice can be used to punch up dishes while cooking. Apparently it can be used to make a number of monstrous meals.",,,13.00,,,,"1:00,10:00,30:00","Monster Cake,Monster Curry,Monster Rice Balls,Monster Soup,Monster Stew"
Naydra's Claw,40px-BotW_Naydra%27s_Claw_Icon.png?version=f0e6ee04bae7d404879d7ec2fa9fb628 (https://dl.airtable.com/uqF4gFhSSzeWWDGuFB8o_40px-BotW_Naydra%2527s_Claw_Icon.png%3Fversion%3Df0e6ee04bae7d404879d7ec2fa9fb628),Monster Part,"This valuable claw was plucked from the blue spirit Naydra. It was freezing cold before it was removed. You could sell it, but there must be some other use for it.",,,2.00,Bonus,2,,3:30,
Opal,40px-BotW_Opal_Icon.png?version=f42b4bbd6e9b3462a2ea4f01f76ba740 (https://dl.airtable.com/1wltLmK4RKW8oh8PFYuq_40px-BotW_Opal_Icon.png%3Fversion%3Df42b4bbd6e9b3462a2ea4f01f76ba740),Ore,A valuable ore that gives off a mesmerizing iridescence similar to the inside of a seashell. It contains the power of water.,,,,,,,,
Palm Fruit,40px-BotW_Palm_Fruit_Icon.png?version=74465612a26bbd5683f68a6208392406 (https://dl.airtable.com/ZJsepLZxTKS7wl4fiTG5_40px-BotW_Palm_Fruit_Icon.png%3Fversion%3D74465612a26bbd5683f68a6208392406),Fruit,Fruit from palm trees that grow near the ocean. It doesn't offer any special effects but will increase your heart recovery when used as an ingredient.,1.00,1.50,2.00,,,,0:30,"Baked Palm Fruit,Fruit and Mushroom Mix,Simmered Fruit,Fruit Pie,Fruitcake,Honeyed Fruits,Copious Simmered Fruit"
Raw Bird Thigh,40px-BotW_Raw_Bird_Thigh_Icon.png?version=fabefae3540167f5c6b54358896cee9c (https://dl.airtable.com/XZPlWWtEQgiksjsLcq26_40px-BotW_Raw_Bird_Thigh_Icon.png%3Fversion%3Dfabefae3540167f5c6b54358896cee9c),Meat,"A high-quality piece of meat that's hard to come by. You can eat it raw, but cooking it first will recover more hearts.",1.50,2.25,3.00,,,,0:30,"Frozen Bird Thigh,Prime Poultry Curry,Prime Poultry Pilaf,Roasted Bird Thigh,Spicy Pepper Steak,Meat & Mushroom Skewer,Energizing Glazed Meat,Meat and Rice Bowl,Meat Pie,Meat Skewer,Copious Meat Skewers,Meaty Rice Balls,Tough Meat-Stuffed Pumpkin,Monster Stew"
Raw Bird Drumstick,40px-BotW_Raw_Bird_Drumstick_Icon.png?version=c9f64898a5ab5cba6e19ae42283689f6 (https://dl.airtable.com/meMyRgKbQ7KV0B71oemY_40px-BotW_Raw_Bird_Drumstick_Icon.png%3Fversion%3Dc9f64898a5ab5cba6e19ae42283689f6),Meat,This meat is tougher and chewier than a standard steak. Tastes better cooked.,1.00,1.50,2.00,,,,0:30,"Frozen Bird Drumstick,Poultry Curry,Poultry Pilaf,Roasted Bird Drumstick,Meat Stew,Salt-Grilled Meat,Spicy Pepper Steak,Meat & Mushroom Skewer,Energizing Glazed Meat,Meat and Rice Bowl,Meat Pie,Meat Skewer,Copious Meat Skewers,Meaty Rice Balls,Tough Meat-Stuffed Pumpkin,Monster Stew"
Raw Gourmet Meat,40px-BotW_Raw_Gourmet_Meat_Icon.png?version=f2b9421e994859b79a58defdf57af73c (https://dl.airtable.com/eAFui5KS9mDEdrJj4Vhb_40px-BotW_Raw_Gourmet_Meat_Icon.png%3Fversion%3Df2b9421e994859b79a58defdf57af73c),Meat,"This prized cut of meat is usually from a large animal. Any connoisseur would rank this tender, juicy cut of meat ""gourmet."" Expect an exquisite meal when cooking with this.",3.00,4.50,6.00,,,,0:30,"Icy Gourmet Meat,Gourmet Meat and Rice Bowl,Gourmet Meat Curry,Gourmet Spiced Meat Skewer,Seared Gourmet Steak,Spicy Pepper Steak,Gourmet Meat and Seafood Fry,Salt-Grilled Gourmet Meat,Gourmet Meat Stew,Meat & Mushroom Skewer,Energizing Glazed Meat,Meat and Rice Bowl,Meat Pie,Meat Skewer,Copious Meat Skewers,Meaty Rice Balls,Tough Meat-Stuffed Pumpkin,Monster Stew"
Raw Meat,40px-BotW_Raw_Meat_Icon.png?version=3cf6eb0e0a53ec54c853cd0286695f62 (https://dl.airtable.com/LYKf0uRMQmP26OP4QAgR_40px-BotW_Raw_Meat_Icon.png%3Fversion%3D3cf6eb0e0a53ec54c853cd0286695f62),Meat,"Meat obtained from animals in plains and forests. You can eat it raw, but cooking it will make it more delicious and nutritious.",1.00,1.50,2.00,,,,0:30,"Icy Meat,Meat Curry,Seared Steak,Meat Stew,Salt-Grilled Meat,Spiced Meat Skewer,Spicy Pepper Steak,Meat & Mushroom Skewer,Energizing Glazed Meat,Meat and Rice Bowl,Meat Pie,Meat Skewer,Copious Meat Skewers,Meaty Rice Balls,Tough Meat-Stuffed Pumpkin,Monster Stew"
Raw Prime Meat,40px-BotW_Raw_Prime_Meat_Icon.png?version=ef3699d90a2f4ead213606011ea6e8d3 (https://dl.airtable.com/PEUHmC0QQGuxVjXniMsn_40px-BotW_Raw_Prime_Meat_Icon.png%3Fversion%3Def3699d90a2f4ead213606011ea6e8d3),Meat,"A fresh, high-quality piece of animal meat. This stuff isn't easy to come by, so savor it. Cook it to recover more hearts.",1.50,2.25,3.00,,,,0:30,"Icy Prime Meat,Prime Meat and Rice Bowl,Prime Meat Curry,Prime Spiced Meat Skewer,Seared Prime Steak,Spicy Pepper Steak,Salt-Grilled Prime Meat,Prime Meat and Seafood Fry,Prime Meat Stew,Meat & Mushroom Skewer,Energizing Glazed Meat,Meat and Rice Bowl,Meat Pie,Meat Skewer,Copious Meat Skewers,Meaty Rice Balls,Tough Meat-Stuffed Pumpkin,Monster Stew"
Raw Whole Bird,40px-BotW_Raw_Whole_Bird_Icon.png?version=50ecdf55db940aa7c407d77eb1ff27ff (https://dl.airtable.com/f25irSN0TcKLW0nCeMoG_40px-BotW_Raw_Whole_Bird_Icon.png%3Fversion%3D50ecdf55db940aa7c407d77eb1ff27ff),Meat,"This prized meat can be obtained from certain birds. It gets full points for flavor, nutrition, and volume. It pairs perfectly with other ingredients or can be enjoyed alone.",3.00,4.50,6.00,,,,0:30,"Frozen Whole Bird,Gourmet Poultry Curry,Gourmet Poultry Pilaf,Roasted Whole Bird,Spicy Pepper Steak,Meat & Mushroom Skewer,Energizing Glazed Meat,Meat and Rice Bowl,Meat Pie,Meat Skewer,Copious Meat Skewers,Meaty Rice Balls,Tough Meat-Stuffed Pumpkin,Monster Stew"
Razorclaw Crab,40px-BotW_Razorclaw_Crab_Icon.png?version=c619894df45838299674a139eef09c60 (https://dl.airtable.com/B5odCUQTKKXU8ni91E1s_40px-BotW_Razorclaw_Crab_Icon.png%3Fversion%3Dc619894df45838299674a139eef09c60),Seafood,"This crab is well known for its exceptionally sharp pincers. When cooked, the strength compound in its claws will increase your attack power.",1.00,1.50,2.00,Mighty,2,2.00,0:50,"Frozen Crab,Crab Omelet with Rice,Crab Risotto,Crab Stir-Fry,Blackened Crab,Salt-Grilled Crab,Seafood Skewer,Monster Stew"
Razorshroom,40px-BotW_Razorshroom_Icon.png?version=96a917d626f1c9e3ca7437e0fb68319a (https://dl.airtable.com/ZSZPikr4SiS4QYNReig8_40px-BotW_Razorshroom_Icon.png%3Fversion%3D96a917d626f1c9e3ca7437e0fb68319a),Shroom,This mushroom is known for the natural slice in its cap. Eating it fosters your competitive spirit. Use it when cooking to prepare a dish that will increase your strength.,0.50,0.75,1.00,Mighty,2,2.00,0:50,"Toasty Razorshroom,Mushroom Skewer,Mushroom Rice Balls,Copious Mushrooms Skewers,Salt-Grilled Mushrooms,Glazed Mushrooms,Meat & Mushroom Skewer,Mushroom Omelet,Mushroom Risotto,Fragrant Mushroom Sauté,Fish and Mushroom Skewer"
Restless Cricket,40px-BotW_Restless_Cricket_Icon.png?version=0ebdd2b66ad6afb3847dd47dd03813fa (https://dl.airtable.com/qucg1HbfSPadrkTTHgDv_40px-BotW_Restless_Cricket_Icon.png%3Fversion%3D0ebdd2b66ad6afb3847dd47dd03813fa),Critter,A very energetic cricket. Cook it with monster parts to create a stamina-recovery elixir.,,,,Energizing,1,1.00,,"Energizing Elixir,Dubious Food"
Rock Salt,40px-BotW_Rock_Salt_Icon.png?version=2270b9b533c2b197c7f1091ae8044fe8 (https://dl.airtable.com/jfHJDb8RVeeSae7YX0Ug_40px-BotW_Rock_Salt_Icon.png%3Fversion%3D2270b9b533c2b197c7f1091ae8044fe8),Ore,Crystallized salt from the ancient sea commonly used to season meals. Cannot be eaten in this form.,,,,,,,"First 1:00,0:30","Salt-Grilled Crab,Salt-Grilled Fish,Salt-Grilled Gourmet Meat,Salt-Grilled Meat,Crab Omelet with Rice,Crab Risotto,Cream of Mushroom Soup,Cream of Vegetable Soup,Creamy Meat Soup,Creamy Seafood Soup,Fish Pie,Gourmet Meat and Rice Bowl,Meat and Rice Bowl,Meat Pie,Monster Rice Balls,Prime Meat and Rice Bowl,Salmon Risotto,Salt-Grilled Greens,Salt-Grilled Prime Meat,Seafood Fried Rice,Vegetable Omelet,Vegetable Risotto,Veggie Cream Soup,Wheat Bread,Salt-Grilled Mushrooms,Mushroom Omelet,Mushroom Risotto"
Ruby,40px-BotW_Ruby_Icon.png?version=a177b11134518d5a5816945146e30517 (https://dl.airtable.com/uFaK9Z5R1eZMZfm8tbyg_40px-BotW_Ruby_Icon.png%3Fversion%3Da177b11134518d5a5816945146e30517),Ore,A precious red gem mined from large ore deposits found throughout Hyrule. Rubies contain the power of fire and have fetched a high price since ancient times.,,,,,,,,
Rugged Rhino Beetle,40px-BotW_Rugged_Rhino_Beetle_Icon.png?version=30c8304613efc544ebbc85b1a2c93e85 (https://dl.airtable.com/34X07FzzTmre4QWCA6HU_40px-BotW_Rugged_Rhino_Beetle_Icon.png%3Fversion%3D30c8304613efc544ebbc85b1a2c93e85),Critter,"This beetle's hard body resembles armor. When the shell is cooked with monster parts, the resulting elixir boosts your defense.",,,,Tough,1,1.00,0:50,"Tough Elixir,Dubious Food"
Rushroom,40px-BotW_Rushroom_Icon.png?version=3e133b0a38cf6b0811f0b417c6a36806 (https://dl.airtable.com/3gRkifKXTEaw05y05Z5g_40px-BotW_Rushroom_Icon.png%3Fversion%3D3e133b0a38cf6b0811f0b417c6a36806),Shroom,A mushroom that can grow almost anywhere but prefers ceilings and sheer cliffs. Cook it before eating to temporarily increase your movement speed.,0.50,0.75,1.00,Hasty,1,1.00,1:00,"Toasty Rushroom,Mushroom Skewer,Mushroom Rice Balls,Copious Mushrooms Skewers,Salt-Grilled Mushrooms,Glazed Mushrooms,Meat & Mushroom Skewer,Mushroom Omelet,Mushroom Risotto,Fragrant Mushroom Sauté,Fish and Mushroom Skewer"
Sanke Carp,40px-BotW_Sanke_Carp_Icon.png?version=bf3b29da38787354248b80312512b74d (https://dl.airtable.com/4WzjhxRFu94hH5mwHigR_40px-BotW_Sanke_Carp_Icon.png%3Fversion%3Dbf3b29da38787354248b80312512b74d),Seafood,This wild armored carp has been bred into a prizewinning fish. Its beautifully colored markings do not occur in nature. It offers no special effects when cooked.,1.00,1.50,2.00,,,,0:30,"Frozen Carp,Roasted Carp,Fish Skewer,Fish and Mushroom Skewer,Salt-Grilled Fish,Monster Stew"
Sapphire,40px-BotW_Sapphire_Icon.png?version=8193ad257f8efcdce98aa70ad008b3cf (https://dl.airtable.com/xxbezfNbTUGpe0g10leC_40px-BotW_Sapphire_Icon.png%3Fversion%3D8193ad257f8efcdce98aa70ad008b3cf),Ore,A precious blue gem mined from natural rock formations. Sapphires contain the very essence of ice. They've been known to fetch a high price since ancient times.,,,,,,,,
Silent Princess,40px-BotW_Silent_Princess_Icon.png?version=ddc64ed4a4ff53bb1e6f2f681c30cddf (https://dl.airtable.com/T58THcgS0ippUolaXCWQ_40px-BotW_Silent_Princess_Icon.png%3Fversion%3Dddc64ed4a4ff53bb1e6f2f681c30cddf),Plant,"This lovely flower was said to have been a favorite of the princess of Hyrule. Once feared to have gone extinct, it's recently been spotted growing in the wild.",,,2.00,Sneaky,3,3.00,2:00,
Silent Shroom,40px-BotW_Silent_Shroom_Icon.png?version=b681c6f5906b180f0ee3cf6f1ecf4772 (https://dl.airtable.com/aqgZtDzMTkS5hfkkLIR1_40px-BotW_Silent_Shroom_Icon.png%3Fversion%3Db681c6f5906b180f0ee3cf6f1ecf4772),Shroom,"A strange mushroom that glows quietly in the forest at night. Cooking it into a dish unlocks the nutrients in its cap, resulting in a meal that will allow you to move stealthily.",0.50,0.75,1.00,Sneaky,2,2.00,2:00,"Toasty Silent Shroom,Mushroom Skewer,Mushroom Rice Balls,Copious Mushrooms Skewers,Salt-Grilled Mushrooms,Glazed Mushrooms,Meat & Mushroom Skewer,Mushroom Omelet,Mushroom Risotto,Fragrant Mushroom Sauté,Fish and Mushroom Skewer"
Sizzlefin Trout,40px-BotW_Sizzlefin_Trout_Icon.png?version=82ff273d381349a1026afa8d37531270 (https://dl.airtable.com/OJAT8vxSSqmtHp0LRj8D_40px-BotW_Sizzlefin_Trout_Icon.png%3Fversion%3D82ff273d381349a1026afa8d37531270),Seafood,"This red trout prefers warm bodies of water. It has a special organ specifically for storing heat. When cooked into a dish, it temporarily boosts your resistance to the cold.",1.00,1.50,2.00,Spicy,3,3.00,2:30,"Frozen Trout,Roasted Trout,Fish Skewer,Fish and Mushroom Skewer,Salt-Grilled Fish,Monster Stew"
Smotherwing Butterfly,40px-BotW_Smotherwing_Butterfly_Icon.png?version=162b85fc5bef4a7d4801d88ecf792dda (https://dl.airtable.com/z60pwEneR3mCN0XI32nA_40px-BotW_Smotherwing_Butterfly_Icon.png%3Fversion%3D162b85fc5bef4a7d4801d88ecf792dda),Critter,"This rare butterfly lives in volcanic regions. Its body contains a heat-resistant liquid, which can be turned into a topical elixir that offers resistance to flames.",,,,Fireproof,2,2.00,2:30,"Fireproof Elixir,Dubious Food"
Sneaky River Snail,40px-BotW_Sneaky_River_Snail_Icon.png?version=ec07829ea5871f4a8a07018e823d410a (https://dl.airtable.com/AQrfaNU6TUyWSoztVkty_40px-BotW_Sneaky_River_Snail_Icon.png%3Fversion%3Dec07829ea5871f4a8a07018e823d410a),Seafood,"This large, glow-in-the-dark snail lives in fresh water. When cooked into a dish, it heightens your senses so you can move about silently.",1.00,1.50,2.00,Sneaky,1,1.00,2:00,"Frozen River Snail,Sneaky River Escargot,Salt-Grilled Fish,Seafood Skewer,Monster Stew"
Spicy Pepper,40px-BotW_Spicy_Pepper_Icon.png?version=e70777c8f4375afc283334e681a3c870 (https://dl.airtable.com/8APrqcxRpeaguQFcVjxB_40px-BotW_Spicy_Pepper_Icon.png%3Fversion%3De70777c8f4375afc283334e681a3c870),Fruit,This pepper is exploding with spice. Cook with it to create dishes that will raise your body temperature and help you withstand the cold.,0.50,0.75,1.00,Spicy,1,1.00,2:30,"Pepper Seafood,Spicy Pepper Steak,Spicy Sautéed Peppers,Charred Pepper,Fruit and Mushroom Mix,Simmered Fruit,Fruit Pie,Fruitcake,Honeyed Fruits,Copious Simmered Fruit"
Stamella Shroom,40px-BotW_Stamella_Shroom_Icon.png?version=a4e3a9e10cf5eaa11cce957648bbd94c (https://dl.airtable.com/47u9O3szRPeqqFrl0RgZ_40px-BotW_Stamella_Shroom_Icon.png%3Fversion%3Da4e3a9e10cf5eaa11cce957648bbd94c),Shroom,A green mushroom that grows near trees in the forest. It's chock-full of natural energy. Cook it to release its stamina-restoration properties.,0.50,1.50,1.00,Energizing,1,1.00,,"Toasty Stamella Shroom,Mushroom Skewer,Mushroom Rice Balls,Copious Mushrooms Skewers,Salt-Grilled Mushrooms,Glazed Mushrooms,Meat & Mushroom Skewer,Mushroom Omelet,Mushroom Risotto,Fragrant Mushroom Sauté,Fish and Mushroom Skewer"
Staminoka Bass,40px-BotW_Staminoka_Bass_Icon.png?version=1761b562f18720a60e0b750b67b5913e (https://dl.airtable.com/VHKABuiiSQ2yXICJDzpv_40px-BotW_Staminoka_Bass_Icon.png%3Fversion%3D1761b562f18720a60e0b750b67b5913e),Seafood,This Hyrule bass got to be the biggest fish by never getting caught (until now). Its long life results in a cooked dish that will restore a lot of stamina.,1.00,1.50,2.00,Energizing,3,5.00,,"Roasted Bass,Frozen Bass,Fish Skewer,Fish and Mushroom Skewer,Salt-Grilled Fish,Monster Stew"
Star Fragment,40px-BotW_Star_Fragment_Icon.png?version=8bebd1fc65b5913cf667a6634482adf8 (https://dl.airtable.com/hEKvmUIkQNqQVYMSzuif_40px-BotW_Star_Fragment_Icon.png%3Fversion%3D8bebd1fc65b5913cf667a6634482adf8),Ingredient,"A mysterious stone fragment that fell from the sky. It looks like it would fetch a good price, but you may be able to use it in certain recipes as well.",,,,Bonus,,,0:30,
Stealthfin Trout,40px-BotW_Stealthfin_Trout_Icon.png?version=128c59bdbfd46625f7c299631657fc19 (https://dl.airtable.com/zJOwckbSoNjS3q9kPX5w_40px-BotW_Stealthfin_Trout_Icon.png%3Fversion%3D128c59bdbfd46625f7c299631657fc19),Seafood,Consuming the bioluminescent compound that makes this fish glow in the dark will increase concentration. Dishes cooked with it will suppress noise when consumed.,1.00,1.50,2.00,Sneaky,2,2.00,2:00,"Frozen Trout,Roasted Trout,Fish Skewer,Fish and Mushroom Skewer,Salt-Grilled Fish,Monster Stew"
Summerwing Butterfly,40px-BotW_Summerwing_Butterfly_Icon.png?version=a251030e77d84ceb86bae3878121d299 (https://dl.airtable.com/onRUqFasS0GBlZ9j3SO2_40px-BotW_Summerwing_Butterfly_Icon.png%3Fversion%3Da251030e77d84ceb86bae3878121d299),Critter,A butterfly found in the woods and plains of warm regions. Its wings absorb the warmth of the sun. Cook it with monster parts to create an elixir that makes you feel warm and fuzzy.,,,,Spicy,1,1.00,2:30,"Spicy Elixir,Dubious Food"
Sunset Firefly,40px-BotW_Sunset_Firefly_Icon.png?version=5aa23e0994d49bce83e9103cecea7561 (https://dl.airtable.com/T8EGlVgHQuyFbslbFR9a_40px-BotW_Sunset_Firefly_Icon.png%3Fversion%3D5aa23e0994d49bce83e9103cecea7561),Critter,"These fireflies glow gently in the dark. When cooked with monster parts, the compound that causes it to glow results in an elixir that will allow you to move more quietly.",,,,Sneaky,1,1.00,2:00,"Sneaky Elixir,Dubious Food"
Sunshroom,40px-BotW_Sunshroom_Icon.png?version=cb294e7def5fdb6c78f2edc9b4f1da8f (https://dl.airtable.com/xuhYb2nATYmIyO7DYlj9_40px-BotW_Sunshroom_Icon.png%3Fversion%3Dcb294e7def5fdb6c78f2edc9b4f1da8f),Shroom,"A bright red mushroom that grows in hot climates. Imbued with the power of heat, they can be used to cook dishes that will allow you to endure the bitter cold.",0.50,0.75,1.00,Spicy,2,2.00,2:30,"Toasty Sunshroom,Mushroom Skewer,Mushroom Rice Balls,Copious Mushrooms Skewers,Salt-Grilled Mushrooms,Glazed Mushrooms,Meat & Mushroom Skewer,Mushroom Omelet,Mushroom Risotto,Fragrant Mushroom Sauté,Fish and Mushroom Skewer"
Swift Carrot,40px-BotW_Swift_Carrot_Icon.png?version=8629ad3dabcdd71408623dc645bcf59b (https://dl.airtable.com/ijSk6u7GT0qJ47bjeeCb_40px-BotW_Swift_Carrot_Icon.png%3Fversion%3D8629ad3dabcdd71408623dc645bcf59b),Vegetable,"This carrot is cultivated extensively in Kakariko Village. It strengthens the legs and hips when cooked into a dish, which helps increase your movement speed.",0.50,0.75,1.00,Hasty,1,1.00,1:00,"Roasted Swift Carrot,Carrot Cake,Carrot Stew,Vegetable Curry,Vegetable Risotto,Veggie Cream Soup"
Swift Violet,40px-BotW_Swift_Violet_Icon.png?version=fae6c5eb3531f2cd6aac2aa29b80cdb0 (https://dl.airtable.com/K7s4BSozQweeiInGGQvA_40px-BotW_Swift_Violet_Icon.png%3Fversion%3Dfae6c5eb3531f2cd6aac2aa29b80cdb0),Plant,"This vitality-rich flower blooms mainly on cliffsides. When cooked into a dish, the nourishing compounds increase your movement speed.",,,,Hasty,2,2.00,1:00,
Tabantha Wheat,40px-BotW_Tabantha_Wheat_Icon.png?version=eddf288a42522e81827c60a92799eb2a (https://dl.airtable.com/t6hQJKH9Twm68udSQOap_40px-BotW_Tabantha_Wheat_Icon.png%3Fversion%3Deddf288a42522e81827c60a92799eb2a),Ingredient,This grain is cultivated extensively on the Tabantha Plains. It's ground finely with a millstone to be used in cooking. Use it to make things such as stews and breads.,1.00,,2.00,,,,0:30,"Apple Pie,Carrot Cake,Egg Tart,Fish Pie,Hearty Salmon Muenière,Meat Pie,Monster Cake,Wheat Bread,Carrot Stew,Fried Bananas,Fruit Pie,Fruitcake,Gourmet Meat Stew,Hearty Clam Chowder,Honey Crepe,Monster Soup,Nutcake,Plain Crepe,Porgy Meunière,Prime Meat Stew,Pumpkin Pie,Pumpkin Stew,Seafood Meunière,Wildberry Crepe"
Thunderwing Butterfly,40px-BotW_Thunderwing_Butterfly_Icon.png?version=cf7d49a7e3c43c1dc615210b4821afde (https://dl.airtable.com/uGsBimKRsuym55eYmNZM_40px-BotW_Thunderwing_Butterfly_Icon.png%3Fversion%3Dcf7d49a7e3c43c1dc615210b4821afde),Critter,"This rare butterfly only shows itself when it rains. The organs in its body produce an insulating compound. When made into an elixir, it offers electrical resistance.",,,,Electro,1,1.00,2:30,"Electro Elixir,Dubious Food"
Tireless Frog,40px-BotW_Tireless_Frog_Icon.png?version=20c0b1a32417a3d2a19bc6f750c2d01b (https://dl.airtable.com/cYNoehuTyfLcri2ZN14Q_40px-BotW_Tireless_Frog_Icon.png%3Fversion%3D20c0b1a32417a3d2a19bc6f750c2d01b),Critter,"This rare frog only ventures out in the rain. When cooked with monster parts, the elixir it produces will temporarily increase your maximum stamina.",,,4.00,Enduring,2,1.00,,"Enduring Elixir,Dubious Food"
Topaz,40px-BotW_Topaz_Icon.png?version=8bbbe1b5fd5ecbc63b90c235b655b8df (https://dl.airtable.com/ELL1omCDSBaHflUcYRsg_40px-BotW_Topaz_Icon.png%3Fversion%3D8bbbe1b5fd5ecbc63b90c235b655b8df),Ore,This precious yellow gem contains the power of electricity. It's been known to fetch a high price since ancient times.,,,,,,,,
Voltfin Trout,40px-BotW_Voltfin_Trout_Icon.png?version=8c92fff20ae9d5f3e0db6a9f3d9d9354 (https://dl.airtable.com/3T1jHHxQqSHsotYrWoLY_40px-BotW_Voltfin_Trout_Icon.png%3Fversion%3D8c92fff20ae9d5f3e0db6a9f3d9d9354),Seafood,"This trout makes its home in the freshwater lakes. Its scales have an insulating compound that, when cooked into a dish, offers resistance to electricity.",1.00,1.50,2.00,Electro,3,3.00,2:30,"Frozen Trout,Roasted Trout,Fish Skewer,Fish and Mushroom Skewer,Salt-Grilled Fish,Monster Stew"
Voltfruit,40px-BotW_Voltfruit_Icon.png?version=c78ff37019fa07950ba8cbd98ff0ffed (https://dl.airtable.com/mR72XacSl6ZSZLbcA0Wa_40px-BotW_Voltfruit_Icon.png%3Fversion%3Dc78ff37019fa07950ba8cbd98ff0ffed),Fruit,"Cacti found in the Gerudo Desert bear this sweet fruit. It's naturally insulated, so when cooked into a dish, it provides resistance against electricity.",0.50,0.75,1.00,Electro,1,1.00,2:30,"Roasted Voltfruit,Creamy Heart Soup,Fruit and Mushroom Mix,Simmered Fruit,Fruit Pie,Fruitcake,Honeyed Fruits,Copious Simmered Fruit"
Warm Darner,40px-BotW_Warm_Darner_Icon.png?version=9299dca4aebe86766bfcf0ddfef5895f (https://dl.airtable.com/wsDtnrYiSW6p7L6ZdIh7_40px-BotW_Warm_Darner_Icon.png%3Fversion%3D9299dca4aebe86766bfcf0ddfef5895f),Critter,This dragonfly has a special organ that causes it to sweat profusely. Cook it with monster parts for an elixir that will raise your core temperatures so you can resist the cold.,,,,Spicy,2,2.00,2:30,"Spicy Elixir,Dubious Food"
Warm Safflina,40px-BotW_Warm_Safflina_Icon.png?version=9707222b9478256d3d4802d83949e1ef (https://dl.airtable.com/meoiS7spTW2LJXCKY1b6_40px-BotW_Warm_Safflina_Icon.png%3Fversion%3D9707222b9478256d3d4802d83949e1ef),Plant,"This medicinal plant grows in hot regions, such as the Gerudo Desert. It's warm to the touch and increases your cold resistance when cooked into a dish.",,,,Spicy,1,1.00,2:30,
Wildberry,40px-BotW_Wildberry_Icon.png?version=4634649f890443b4bda2ef343e17f83d (https://dl.airtable.com/mih1A3qdQpW6YsBndQYD_40px-BotW_Wildberry_Icon.png%3Fversion%3D4634649f890443b4bda2ef343e17f83d),Fruit,"A fruit that grows in cold, snowy regions known for its tangy, sweet flavor. It doesn't offer any special effects, but it's a popular cooking ingredient.",0.50,0.75,1.00,,,,0:30,"Wildberry Crepe,Roasted Wildberry,Fruitcake,Fruit and Mushroom Mix,Simmered Fruit,Fruit Pie,Honeyed Fruits,Copious Simmered Fruit"
Winterwing Butterfly,40px-BotW_Winterwing_Butterfly_Icon.png?version=a4e0769585a4902f19df52f00629c7fa (https://dl.airtable.com/zMwP2J25Tpe0gyFebRHX_40px-BotW_Winterwing_Butterfly_Icon.png%3Fversion%3Da4e0769585a4902f19df52f00629c7fa),Critter,The powdery scales of this butterfly's wings cool the air around it. Watching it flutter around snowflakes is a thing of beauty. Cook it with monster parts for a heat-resistant elixir.,,,,Chilly,1,1.00,2:30,"Chilly Elixir,Dubious Food"
Wood,40px-BotW_Wood_Icon.png?version=81309c126b3f323efca4b7eb4a6b2f79 (https://dl.airtable.com/4nmFvk8wRjivPZCk9G7b_40px-BotW_Wood_Icon.png%3Fversion%3D81309c126b3f323efca4b7eb4a6b2f79),Wood,A portable bundle of wood. You can use this to make a campfire if you have something to light it.,,,,,,,,Dubious Food
Zapshroom,40px-BotW_Zapshroom_Icon.png?version=6e792dc9a4a11e18aab0ed94b07f1918 (https://dl.airtable.com/MUw6vKolQoWBaK65y4xc_40px-BotW_Zapshroom_Icon.png%3Fversion%3D6e792dc9a4a11e18aab0ed94b07f1918),Shroom,"This mushroom grows wild in the Gerudo region. The cap is naturally insulated, so when used in cooking, it will offer protection against electricity.",0.50,0.75,1.00,Electro,2,2.00,2:30,"Toasty Zapshroom,Mushroom Skewer,Mushroom Rice Balls,Copious Mushrooms Skewers,Salt-Grilled Mushrooms,Glazed Mushrooms,Meat & Mushroom Skewer,Mushroom Omelet,Mushroom Risotto,Fragrant Mushroom Sauté,Fish and Mushroom Skewer"
Any Mushroom,,,,,,,,,,,"Cream of Mushroom Soup,Steamed Mushrooms"
Any Vegetable (except Carrot or Pumpkin),,,,,,,,,,,Cream of Vegetable Soup
Any 4 different Seafood,,,,,,,,,,,Copious Fish Skewers
Any Vegetable,,,,,,,,,,,"Fried Wild Greens,Cream of Mushroom Soup,Creamy Meat Soup,Creamy Seafood Soup,Glazed Veggies,Salt-Grilled Greens,Steamed Fish,Steamed Fruit,Vegetable Omelet,Veggie Rice Balls,Steamed Mushrooms"
"Any 4 different Vegetables, Herbs or Flowers",,,,,,,,,,,Copious Fried Wild Greens
Any Fruit,,,,,,,,,,,Steamed Fruit
Any Meat,,,,,,,,,,,"Meat and Seafood Fry,Creamy Meat Soup,Steamed Meat"
Wood or ore,,,,,,,,,,,Rock-Hard Food
Any Seafood (except Porgy or Salmon),,,,,,,,,,,Seafood Meunière
Any Flower or Herb,,,,,,,,,,,"Cream of Mushroom Soup,Cream of Vegetable Soup,Creamy Meat Soup,Creamy Seafood Soup,Fried Wild Greens,Glazed Veggies,Herb Sauté,Salt-Grilled Greens,Steamed Fish,Steamed Fruit,Vegetable Omelet,Veggie Rice Balls,Steamed Meat,Steamed Mushrooms"
Any Seafood,,,,,,,,,,,"Creamy Seafood Soup,Fish Pie,Glazed Seafood,Gourmet Meat and Seafood Fry,Meat and Seafood Fry,Pepper Seafood,Prime Meat and Seafood Fry,Seafood Rice Balls,Steamed Fish"
Any Monster Part,,,,,,,,,,,Dubious Food
Any Vegetable (except Pumpkin),,,,,,,,,,,Steamed Meat
Octo Balloon,40px-BotW_Octo_Balloon_Icon.png?version=fcd5dc4e2d94e0abe932608a1419ee9f (https://dl.airtable.com/MVOQsIwPS0GADPu8cREt_40px-BotW_Octo_Balloon_Icon.png%3Fversion%3Dfcd5dc4e2d94e0abe932608a1419ee9f),Monster Part,"This inflatable Octorok organ has a lot of lift, so attach it to items you want to see float. Hold it in your hands, and then place it on an object to attach it.",,,,,1,,1:10,
Ancient Screw,40px-BotW_Ancient_Screw_Icon.png?version=786db0d70a2e83c7dd6a44ed88d36539 (https://dl.airtable.com/a827Y2hhQWGNhBhLQ7U4_40px-BotW_Ancient_Screw_Icon.png%3Fversion%3D786db0d70a2e83c7dd6a44ed88d36539),Monster Part,"A screw used in ancient machinery. It's made of an unknown material, and no matter how many times it's turned, its threads never seem to show signs of wear.",,,,,1,,1:10,
Keese Wing,40px-BotW_Keese_Wing_Icon.png?version=096207c3e7bf8775618da0393331bcfd (https://dl.airtable.com/5WytL3mcSsG3FyB5v6dB_40px-BotW_Keese_Wing_Icon.png%3Fversion%3D096207c3e7bf8775618da0393331bcfd),Monster Part,"The wing of a Keese. It's covered with very short, sharp fur. It's not much use by itself, but you can mix it with critters to make something useful.",,,,,1,,1:10,
Moblin Horn,40px-BotW_Moblin_Horn_Icon.png?version=50c461ad07f0afcd9cc9ed49ca9746ba (https://dl.airtable.com/9x2qjRSyS7CzHr3IkeHV_40px-BotW_Moblin_Horn_Icon.png%3Fversion%3D50c461ad07f0afcd9cc9ed49ca9746ba),Monster Part,"This splendid horn once grew atop the head of a Moblin. It can't be used in normal food recipes, but it does have some use as an ingredient in making elixirs.",,,,,1,,1:10,
Bokoblin Horn,40px-BotW_Bokoblin_Horn_Icon.png?version=4231204c343fd12a57c630ed3334e6be (https://dl.airtable.com/IetpeQivR1ecr6KRpnXq_40px-BotW_Bokoblin_Horn_Icon.png%3Fversion%3D4231204c343fd12a57c630ed3334e6be),Monster Part,"The severed horn of a Bokoblin, a creature often encountered on the plains of Hyrule. It isn't edible, but it can be tossed into a stew with some critters to make an elixir.",,,,,1,,1:10,
Chuchu Jelly,40px-BotW_Chuchu_Jelly_Icon.png?version=1ff27a80162405869fdd03d7cde16973 (https://dl.airtable.com/dBjthlDQR6W0NYPEd9Zv_40px-BotW_Chuchu_Jelly_Icon.png%3Fversion%3D1ff27a80162405869fdd03d7cde16973),Monster Part,"A gelatinous substance that came from a Chuchu. It's unusable in this state, but applying a bit of elemental stimulation will change its form.",,,,,1,,1:10,
Ancient Spring,40px-BotW_Ancient_Spring_Icon.png?version=feff46f286c76b8e5612740d6348c6e6 (https://dl.airtable.com/8JdVS394QYiMANvYs1Ta_40px-BotW_Ancient_Spring_Icon.png%3Fversion%3Dfeff46f286c76b8e5612740d6348c6e6),Monster Part,"A spring used in ancient machinery. It is light and buoyant enough to float on water, and no matter how many times it's compressed, it never loses tension.",,,,,1,,1:10,
Bokoblin Fang,40px-BotW_Bokoblin_Fang_Icon.png?version=b14692ddc748aedd2cbc8445d101e410 (https://dl.airtable.com/plXrpNrQCi6cPvFrScZc_40px-BotW_Bokoblin_Fang_Icon.png%3Fversion%3Db14692ddc748aedd2cbc8445d101e410),Monster Part,"A tooth obtained from a Bokoblin. It's worn down and not very sharp, but it's still pretty hard. Cook it alongside a critter to make an elixir.",,,,,2,,1:50,
Lizalfos Horn,40px-BotW_Lizalfos_Horn_Icon.png?version=2fee672cc37d6a81fcf5388104ae7e75 (https://dl.airtable.com/EXY7NjWPQgWK8WX0bLGl_40px-BotW_Lizalfos_Horn_Icon.png%3Fversion%3D2fee672cc37d6a81fcf5388104ae7e75),Monster Part,"This winding horn once grew atop the head of a Lizalfos. It's too hard to use for cooking, but stores are willing to buy it from you. It can also be used to make elixirs.",,,,,1,,1:10,
Octorok Tentacle,40px-BotW_Octorok_Tentacle_Icon.png?version=ae1b185f478baa67994d780cfc2de2de (https://dl.airtable.com/khy7uLVQVqyINnmSmYNA_40px-BotW_Octorok_Tentacle_Icon.png%3Fversion%3Dae1b185f478baa67994d780cfc2de2de),Monster Part,"This can only be obtained from an Octorok-type enemy. It's too acidic for cooking, but it's highly valued as an ingredient for elixirs.",,,,,1,,1:10,
Red Chuchu Jelly,40px-BotW_Red_Chuchu_Jelly_Icon.png?version=08d18ff618225095e14d51643b2d9c89 (https://dl.airtable.com/K8tmv6QBQtuXhgkuxrGr_40px-BotW_Red_Chuchu_Jelly_Icon.png%3Fversion%3D08d18ff618225095e14d51643b2d9c89),Monster Part,"A jiggly substance that normally comes from a Fire Chuchu. It constantly gives off heat. If struck, it will explode in a ball of flame.",,,,,2,,1:50,
White Chuchu Jelly,40px-BotW_White_Chuchu_Jelly_Icon.png?version=9cb9fa3b4e9d66fc3e7cdfb8c961a8c2 (https://dl.airtable.com/BLxcUZ8XSVai9SDv43Wh_40px-BotW_White_Chuchu_Jelly_Icon.png%3Fversion%3D9cb9fa3b4e9d66fc3e7cdfb8c961a8c2),Monster Part,"A jiggly substance that came from an Ice Chuchu. It's cool to the touch, and squeezing it seems to relieve stress. If struck, it will explode in a cold mist.",,,,,2,,1:50,
Yellow Chuchu Jelly,40px-BotW_Yellow_Chuchu_Jelly_Icon.png?version=4ffcb52918f7146eebf6d1ffa45510c1 (https://dl.airtable.com/b0ZRvDvT6SXBmN7Hd2GW_40px-BotW_Yellow_Chuchu_Jelly_Icon.png%3Fversion%3D4ffcb52918f7146eebf6d1ffa45510c1),Monster Part,"A jiggly substance that came from an Electric Chuchu. Electricity pulses through its gelatinous mass. If struck, it will explode in a burst of electric current.",,,,,2,,1:50,
Electric Keese Wing,40px-BotW_Electric_Keese_Wing_Icon.png?version=40236ff59591ff57041525a13a3528e5 (https://dl.airtable.com/LbBh7Zg4S0iD4liDZAvH_40px-BotW_Electric_Keese_Wing_Icon.png%3Fversion%3D40236ff59591ff57041525a13a3528e5),Monster Part,"A rare Electric Keese wing. The part of the Electric Keese that produces electricity is not in its wings, so it won't shock you. Toss it in with some critters to make elixirs.",,,,,2,,1:50,
Fire Keese Wing,40px-BotW_Fire_Keese_Wing_Icon.png?version=434e4321f5d4f47d9cd24e0bd9c2a16e (https://dl.airtable.com/m5bdL40SdegJXhEN6CWt_40px-BotW_Fire_Keese_Wing_Icon.png%3Fversion%3D434e4321f5d4f47d9cd24e0bd9c2a16e),Monster Part,"A rare Fire Keese wing. There isn't enough Fire Keese attached to it to burn you, but it does have a slight warmth to it. It can be used as an ingredient for elixirs.",,,,,2,,1:50,
Moblin Fang,40px-BotW_Moblin_Fang_Icon.png?version=77171e99d0d9c6989074a39372ad24f5 (https://dl.airtable.com/q7pDhqLNSzaSJmR5vXbl_40px-BotW_Moblin_Fang_Icon.png%3Fversion%3D77171e99d0d9c6989074a39372ad24f5),Monster Part,"A sharp fang obtained from a Moblin. It's too hard to be reshaped into a tool, but it can be tossed into a stew with some critters to create elixirs.",,,,,2,,1:50,
Lizalfos Talon,40px-BotW_Lizalfos_Talon_Icon.png?version=9c53d2458947a3dd186f15c2b29c34d7 (https://dl.airtable.com/5vKtID6KTMeK0USddIrX_40px-BotW_Lizalfos_Talon_Icon.png%3Fversion%3D9c53d2458947a3dd186f15c2b29c34d7),Monster Part,"This talon once grew from the elbow of a Lizalfos. You can stew it with critters to make elixirs, but it may have some other uses, as well.",,,,,2,,1:50,
Ancient Gear,40px-BotW_Ancient_Gear_Icon.png?version=3905aefc411eaf226fdffa005e8a1d84 (https://dl.airtable.com/dPACKPOkQiiRRBfFhRlh_40px-BotW_Ancient_Gear_Icon.png%3Fversion%3D3905aefc411eaf226fdffa005e8a1d84),Monster Part,"A gear used in ancient machinery. Despite being incredibly old, its build quality is leaps and bounds above anything built using current technology.",,,,,2,,1:50,
Bokoblin Guts,40px-BotW_Bokoblin_Guts_Icon.png?version=734eeafa03bb004a297e5861ba869069 (https://dl.airtable.com/QV7AwfVMTye4tH0aisZS_40px-BotW_Bokoblin_Guts_Icon.png%3Fversion%3D734eeafa03bb004a297e5861ba869069),Monster Part,"A rare material obtained by defeating a Bokoblin. It convulses on its own every now and then, which is really creepy, but perhaps it has a use.",,,,,3,,3:10,
Keese Eyeball,40px-BotW_Keese_Eyeball_Icon.png?version=e3f4eb5e271578b8da1ef61e1a283316 (https://dl.airtable.com/q6U7U2TSKCR17PhFkZXd_40px-BotW_Keese_Eyeball_Icon.png%3Fversion%3De3f4eb5e271578b8da1ef61e1a283316),Monster Part,"A rare material dropped by a defeated Keese. It's fun to look at, but it doesn't seem to have much use at first glance. But it must be good for something...",,,,,3,,3:10,
Lizalfos Tail,40px-BotW_Lizalfos_Tail_Icon.png?version=881d6a9e147295aedd319169b7c14c5c (https://dl.airtable.com/TNQnRPUTRcScyB1SsxV5_40px-BotW_Lizalfos_Tail_Icon.png%3Fversion%3D881d6a9e147295aedd319169b7c14c5c),Monster Part,The severed tail of a Lizalfos. It continues to wriggle even after being separated from its body. That kind of vitality makes it highly valued as an ingredient in elixirs.,,,,,3,,3:10,
Moblin Guts,40px-BotW_Moblin_Guts_Icon.png?version=f48932f23a5cab523d21b757a0b8cae6 (https://dl.airtable.com/QxU6NdvQSnyR5m9BVAvc_40px-BotW_Moblin_Guts_Icon.png%3Fversion%3Df48932f23a5cab523d21b757a0b8cae6),Monster Part,"This prized ingredient can be obtained from Moblins. Its odor is too pungent for normal food preparation, but stew it with some critters to make elixirs.",,,,,3,,3:10,
Octorok Eyeball,40px-BotW_Octorok_Eyeball_Icon.png?version=e1a3ed1b1400658cb02a44b5abb27e3e (https://dl.airtable.com/sGC8L5G3SYC2i5oanbxe_40px-BotW_Octorok_Eyeball_Icon.png%3Fversion%3De1a3ed1b1400658cb02a44b5abb27e3e),Monster Part,"This can only be obtained from an Octorok-type enemy. You can sell it to a store, or you can make elixirs with it, but it may have other uses, as well.",,,,,2,,1:50,
Hinox Toenail,40px-BotW_Hinox_Toenail_Icon.png?version=31f5adff72b11817e6ae1967c150fc77 (https://dl.airtable.com/WYdvMU68QbLufrIkwjCh_40px-BotW_Hinox_Toenail_Icon.png%3Fversion%3D31f5adff72b11817e6ae1967c150fc77),Monster Part,A nail obtained from a Hinox. It's as thick as a plate of armor and can be stewed with critters to make elixirs.,,,,,1,,1:10,
Molduga Fin,40px-BotW_Molduga_Fin_Icon.png?version=874195405b3a9096cef6f37748c3519b (https://dl.airtable.com/4uCcd5e6TEi0kG5OFqCI_40px-BotW_Molduga_Fin_Icon.png%3Fversion%3D874195405b3a9096cef6f37748c3519b),Monster Part,"A sturdy fin obtained from a Molduga. It can be used to make elixirs, but there may be someone willing to trade for it.",,,,,2,,1:50,
Icy Lizalfos Tail,40px-BotW_Icy_Lizalfos_Tail_Icon.png?version=0ceca3a220562e9d6d47233f3a0d30ea (https://dl.airtable.com/psU6ufxzTd6zoYYvvBL8_40px-BotW_Icy_Lizalfos_Tail_Icon.png%3Fversion%3D0ceca3a220562e9d6d47233f3a0d30ea),Monster Part,"The severed tail of an Ice-Breath Lizalfos. Its hard scales and flesh make it unsuitable for cooking, but it's perfect for making elixirs.",,,,,3,,3:10,
Red Lizalfos Tail,40px-BotW_Red_Lizalfos_Tail_Icon.png?version=6ed552fa51ae0301a435f0a71f44920b (https://dl.airtable.com/FSoGM3tTTGSKMInN26Lv_40px-BotW_Red_Lizalfos_Tail_Icon.png%3Fversion%3D6ed552fa51ae0301a435f0a71f44920b),Monster Part,"The severed tail of a Fire-Breath Lizalfos. Its flavor makes the flesh inedible, but toss it into a stew with some critters, and you'll have yourself a nice elixir.",,,,,3,,3:10,
Yellow Lizalfos Tail,40px-BotW_Yellow_Lizalfos_Tail_Icon.png?version=ea82b78acd0009a3f350165938ea18a5 (https://dl.airtable.com/FCi5TFyQAqd2sNrLgIZu_40px-BotW_Yellow_Lizalfos_Tail_Icon.png%3Fversion%3Dea82b78acd0009a3f350165938ea18a5),Monster Part,"The severed tail of an Electric Lizalfos. Its powerful stench makes it unappetizing and unfit for cooking, but it's highly valued as an ingredient for elixirs.",,,,,3,,3:10,
Hinox Tooth,40px-BotW_Hinox_Tooth_Icon.png?version=326f1477baf8db8fd1173353efb790d3 (https://dl.airtable.com/yeWczw9mSjeLFVmCX0co_40px-BotW_Hinox_Tooth_Icon.png%3Fversion%3D326f1477baf8db8fd1173353efb790d3),Monster Part,"A tooth obtained from a Hinox. It's so large, it's hard to believe it's a real tooth. It can be used to make elixirs.",,,,,2,,1:50,
Ancient Shaft,40px-BotW_Ancient_Shaft_Icon.png?version=dab39f72738922cce03db42eb5328e78 (https://dl.airtable.com/cGjva2xNSpmc1usLBWKF_40px-BotW_Ancient_Shaft_Icon.png%3Fversion%3Ddab39f72738922cce03db42eb5328e78),Monster Part,"A machine part used in ancient machinery. It's incredibly sturdy, and it's not made of any recognizable material. It may come in handy someday.",,,,,2,,1:50,
Lynel Horn,40px-BotW_Lynel_Horn_Icon.png?version=5110fc81a29cc60f7b7338d65ceba394 (https://dl.airtable.com/po4BakW2R1ithxIMummC_40px-BotW_Lynel_Horn_Icon.png%3Fversion%3D5110fc81a29cc60f7b7338d65ceba394),Monster Part,The Lynel this horn once grew upon surely misses it. It's exceptionally hard—so hard that most blades cannot scratch it. Throw it into a stew with critters to make elixirs.,,,,,1,,1:10,
Lynel Hoof,40px-BotW_Lynel_Hoof_Icon.png?version=70e46e813431730efa8e0912bfcf6009 (https://dl.airtable.com/ybQRB29dRlVwANC56vLX_40px-BotW_Lynel_Hoof_Icon.png%3Fversion%3D70e46e813431730efa8e0912bfcf6009),Monster Part,This rare ingredient can be obtained only from a Lynel's foot. It's larger and heavier than a horse's hoof. It's useful for making elixirs but may have uses beyond that.,,,,,2,,1:50,
Hinox Guts,40px-BotW_Hinox_Guts_Icon.png?version=d1ca9b559bd06a2b636fe9989f93e3ca (https://dl.airtable.com/T6oT7V2iTTygZX9xMaKk_40px-BotW_Hinox_Guts_Icon.png%3Fversion%3Dd1ca9b559bd06a2b636fe9989f93e3ca),Monster Part,"A giant, smelly Hinox organ of unknown function. Upon closer inspection, it appears to be quivering, It can be used to make an elixir, but some say it has other uses, as well.",,,,,3,,3:10,
Dinraal's Scale,40px-BotW_Dinraal%27s_Scale_Icon.png?version=7a9befa783ccce80a29651cbe90d673d (https://dl.airtable.com/zOau3gawRrOcwG7DQ77N_40px-BotW_Dinraal%2527s_Scale_Icon.png%3Fversion%3D7a9befa783ccce80a29651cbe90d673d),Monster Part,"This precious scale fell from the red spirit Dinraal. It emanates a great heat, You can use it in cooking, but eating it seems like a waste.",,,1.25,Bonus,1,,1:30,
Farosh's Scale,40px-BotW_Farosh%27s_Scale_Icon.png?version=11106796c16c55ca683c2467553ca946 (https://dl.airtable.com/1HzmxpWmRDi0hcg5zCEj_40px-BotW_Farosh%2527s_Scale_Icon.png%3Fversion%3D11106796c16c55ca683c2467553ca946),Monster Part,"This precious scale fell from the golden spirit Farosh. It contains powerful electricity within. You can cook it, but eating it seems like a waste.",,,1.25,Bonus,1,,1:30,
Naydra's Scale,40px-BotW_Naydra%27s_Scale_Icon.png?version=6debd9de5dc0e7df94ba5f97c7fa49ad (https://dl.airtable.com/bkJIBsFaSo6FbLI3DZRk_40px-BotW_Naydra%2527s_Scale_Icon.png%3Fversion%3D6debd9de5dc0e7df94ba5f97c7fa49ad),Monster Part,"This precious scale fell from the blue spirit Naydra. It contains a bitter cold within. You can use it in cooking, but just eating it seems like a waste.",,,1.25,Bonus,1,,1:30,
Ancient Core,40px-BotW_Ancient_Core_Icon.png?version=252a58c18207fa42bad6ea94c141fd10 (https://dl.airtable.com/rksvdG3Sg6bd1yV3xs10_40px-BotW_Ancient_Core_Icon.png%3Fversion%3D252a58c18207fa42bad6ea94c141fd10),Monster Part,This crystal was made using lost technology. At one time it was the power source for ancient machines. This item is very valuable to researchers.,,,,,3,,3:10,
Lynel Guts,40px-BotW_Lynel_Guts_Icon.png?version=cfe4a87e8e843c6b9486c86e12e63a83 (https://dl.airtable.com/XpyNu8YDQwWUenaX4iUc_40px-BotW_Lynel_Guts_Icon.png%3Fversion%3Dcfe4a87e8e843c6b9486c86e12e63a83),Monster Part,"This highly sought-after ingredient can only be obtained from a Lynel. It pulses with the vitality of a Lynel, a strength that makes it invaluable as an ingredient for elixirs.",,,,,3,,3:10,
Shard of Dinraal's Fang,40px-BotW_Shard_of_Dinraal%27s_Fang_Icon.png?version=fb1aca86b7c20dc34dcd77a55d76403a (https://dl.airtable.com/BZFaQpQAT02I9R98J5Ac_40px-BotW_Shard_of_Dinraal%2527s_Fang_Icon.png%3Fversion%3Dfb1aca86b7c20dc34dcd77a55d76403a),Monster Part,"This shard fell from the red spirit Dinraal's fang. It's exceptionally hard and therefore impossible to process, but apparently it can be used as a material for something.",,,2.50,Bonus,3,,10:30,
Shard of Farosh's Fang,40px-BotW_Shard_of_Farosh%27s_Fang_Icon.png?version=9be7d76f069dec6548ee5045daf27a85 (https://dl.airtable.com/mJ3hIgf1StOOvJffF4iU_40px-BotW_Shard_of_Farosh%2527s_Fang_Icon.png%3Fversion%3D9be7d76f069dec6548ee5045daf27a85),Monster Part,"This shard fell from the golden spirit Farosh's fang. It's so hard, hammers bounce right off it, so it's impossible to process. Yet rumors say it does have some use as a material.",,,2.50,Bonus,3,,10:30,
Shard of Naydra's Fang,40px-BotW_Shard_of_Naydra%27s_Fang_Icon.png?version=fd9d31a561f71212ece71eacd2b135f4 (https://dl.airtable.com/hXsXmonDQeywxuxyXdYa_40px-BotW_Shard_of_Naydra%2527s_Fang_Icon.png%3Fversion%3Dfd9d31a561f71212ece71eacd2b135f4),Monster Part,"This shard fell from the blue spirit Naydra's fang. It's much harder than any metal, so it's impossible to process. Yet rumors say it can be used as a material for something.",,,2.50,Bonus,3,,10:30,
Shard of Dinraal's Horn,40px-BotW_Shard_of_Dinraal%27s_Horn_Icon.png?version=1790853ab178fbb0476969fa16c5075e (https://dl.airtable.com/w8hPJF2NRUG8XJ7NwDAR_40px-BotW_Shard_of_Dinraal%2527s_Horn_Icon.png%3Fversion%3D1790853ab178fbb0476969fa16c5075e),Monster Part,"This shard chipped and fell off the red spirit Dinraal. Its horn is said to be the crystallized power of fire itself. It sells for a high price, but rumors say there's some other use for it.",,,3.75,Bonus,4,,30:00,
Shard of Farosh's Horn,40px-BotW_Shard_of_Farosh%27s_Horn_Icon.png?version=6b50422955477dfa8e82ab9358205d0c (https://dl.airtable.com/RnlQoFJqTueW8uMGAyUs_40px-BotW_Shard_of_Farosh%2527s_Horn_Icon.png%3Fversion%3D6b50422955477dfa8e82ab9358205d0c),Monster Part,"This shard fell off the golden spirit Farosh. It's said the horn is the crystallized power of electricity itself. It sells for a lot, but there must be some other use for it.",,,3.75,Bonus,4,,30:00,
Shard of Naydra's Horn,40px-BotW_Shard_of_Naydra%27s_Horn_Icon.png?version=0aacd9e5495c32a9f58de6718e7ff3de (https://dl.airtable.com/53s7Haj0SfGElNKl2ZG5_40px-BotW_Shard_of_Naydra%2527s_Horn_Icon.png%3Fversion%3D0aacd9e5495c32a9f58de6718e7ff3de),Monster Part,"This shard chipped and fell off the blue spirit Naydra. It's said the horn is the crystallized power of ice itself. It sells for quite a bit, but rumors say it has some other use.",,,3.75,Bonus,4,,30:00,